,,,,,,,,,,,,,,,,,,,,,,,,,,,
,テストタイトルテストタイトル,,,,,,,,,,,,,,,,,,,,,,,,,,
,テストタイトル,タイトルタイトルタイトルタイトル,,,,,,,,,,,,,,,,,,,,,,,, 
,コンテンツ1　画像パス,/hoge/test1.jpg,"※img-2の画像（右側の画像）を挿入したいです,,,,,,,,,,,,,,,,,,,,,,,,,,
,テキスト,テキストテキストテキストテキスト,,,,,,,,,,,,,,,,,,,,,,,,,,
,,,,,,,,,,,,,,,,,,,,,,,,,,,
,テストタイトルテストタイトル,,,,,,,,,,,,,,,,,,,,,,,,,,
,テストタイトル,タイトルタイトルタイトルタイトル2,,,,,,,,,,,,,,,,,,,,,,,, 
,コンテンツ1　画像パス,/hoge/test2.jpg,"※img-2の画像（右側の画像）を挿入したいです,,,,,,,,,,,,,,,,,,,,,,,,,,
,本文,テキストテキストテキストテキスト2,,,,,,,,,,,,,,,,,,,,,,,,,, 
